<?xml version="1.0" encoding="UTF-8"?>
<project-private xmlns="http://www.netbeans.org/ns/project-private/1">
    <editor-bookmarks xmlns="http://www.netbeans.org/ns/editor-bookmarks/2" lastBookmarkId="0"/>
    <open-files xmlns="http://www.netbeans.org/ns/projectui-open-files/2">
        <group>
            <file>file:/C:/ucudal/Estructura%20de%20Datos/TBL/AED1-2016-1/PARCIAL%200%20(práctica)/codigo/PARCIAL0/src/PARCIAL0/Nodo.java</file>
            <file>file:/C:/ucudal/Estructura%20de%20Datos/TBL/AED1-2016-1/PARCIAL%200%20(práctica)/codigo/PARCIAL0/src/PARCIAL0/Main.java</file>
            <file>file:/C:/ucudal/Estructura%20de%20Datos/TBL/AED1-2016-1/PARCIAL%200%20(práctica)/codigo/PARCIAL0/src/PARCIAL0/IAlumno.java</file>
            <file>file:/C:/ucudal/Estructura%20de%20Datos/TBL/AED1-2016-1/PARCIAL%200%20(práctica)/codigo/PARCIAL0/src/PARCIAL0/Alumno.java</file>
            <file>file:/C:/ucudal/Estructura%20de%20Datos/TBL/AED1-2016-1/PARCIAL%200%20(práctica)/codigo/PARCIAL0/src/PARCIAL0/ILista.java</file>
            <file>file:/C:/ucudal/Estructura%20de%20Datos/TBL/AED1-2016-1/PARCIAL%200%20(práctica)/codigo/PARCIAL0/src/PARCIAL0/Lista.java</file>
            <file>file:/C:/ucudal/Estructura%20de%20Datos/TBL/AED1-2016-1/PARCIAL%200%20(práctica)/codigo/PARCIAL0/src/PARCIAL0/INodo.java</file>
            <file>file:/C:/ucudal/Estructura%20de%20Datos/TBL/AED1-2016-1/PARCIAL%200%20(práctica)/codigo/PARCIAL0/src/PARCIAL0/ICurso.java</file>
            <file>file:/C:/ucudal/Estructura%20de%20Datos/TBL/AED1-2016-1/PARCIAL%200%20(práctica)/codigo/PARCIAL0/src/PARCIAL0/Curso.java</file>
        </group>
    </open-files>
</project-private>
