<?xml version="1.0" encoding="UTF-8"?>
<project-private xmlns="http://www.netbeans.org/ns/project-private/1">
    <editor-bookmarks xmlns="http://www.netbeans.org/ns/editor-bookmarks/2" lastBookmarkId="0"/>
    <open-files xmlns="http://www.netbeans.org/ns/projectui-open-files/2">
        <group>
            <file>file:/C:/ucudal/Estructura%20de%20Datos/TBL/AED1-2016-1/PARCIAL%202/Codigo/Alumnos/Parcial2/src/parcial2/ManejadorArchivosGenerico.java</file>
            <file>file:/C:/ucudal/Estructura%20de%20Datos/TBL/AED1-2016-1/PARCIAL%202/Codigo/Alumnos/Parcial2/src/parcial2/Main.java</file>
        </group>
    </open-files>
</project-private>
